ProductId,ReviewCount,AvgRating
B007JFMH8M,913,4.5826944140197154
B0026RQTGE,632,4.5886075949367084
B002QWHJOU,632,4.5886075949367084
B002QWP89S,632,4.5886075949367084
B002QWP8H0,632,4.5886075949367084
B003B3OOPA,623,4.739967897271268
B001EO5Q64,567,4.746031746031746
B000VK8AVK,564,4.310283687943262
B0013NUGDE,564,4.310283687943262
B001RVFEP2,564,4.310283687943262
