user_id,item_id,predicted_rating
U1,I5,3.809189833514793
U1,I4,3.7906361080905824
U2,I4,3.6758666007193965
U2,I3,3.5237347551623723
U2,I5,3.3881319605981104
U3,I1,3.814368069896312
